image,i1,https://raw.githubusercontent.com/Amirmashhori/Kanon_Test/Game/1_small.jpg,https://raw.githubusercontent.com/Amirmashhori/Kanon_Test/Game/1_Big.jpg
,,,
image,i2,https://raw.githubusercontent.com/Amirmashhori/Kanon_Test/Game/2_small.jpg,https://raw.githubusercontent.com/Amirmashhori/Kanon_Test/Game/2_Big.jpg
,,,
image,i3,https://raw.githubusercontent.com/Amirmashhori/Kanon_Test/Game/3_small.jpg,https://raw.githubusercontent.com/Amirmashhori/Kanon_Test/Game/3_Big.jpg
,,,
image,i4,https://raw.githubusercontent.com/Amirmashhori/Kanon_Test/Game/4_small.jpg,https://raw.githubusercontent.com/Amirmashhori/Kanon_Test/Game/4_Big.jpg
,,,
image,i5,https://raw.githubusercontent.com/Amirmashhori/Kanon_Test/Game/5_small.jpg,https://raw.githubusercontent.com/Amirmashhori/Kanon_Test/Game/5_Big.jpg
,,,
image,i6,https://raw.githubusercontent.com/Amirmashhori/Kanon_Test/Game/6_small.jpg,https://raw.githubusercontent.com/Amirmashhori/Kanon_Test/Game/6_Big.jpg
,,,
image,i7,https://raw.githubusercontent.com/Amirmashhori/Kanon_Test/Game/7_small.jpg,https://raw.githubusercontent.com/Amirmashhori/Kanon_Test/Game/7_Big.jpg
,,,
image,i8,https://raw.githubusercontent.com/Amirmashhori/Kanon_Test/Game/8_small.jpg,https://raw.githubusercontent.com/Amirmashhori/Kanon_Test/Game/8_Big.jpg
,,,
image,i9,https://raw.githubusercontent.com/Amirmashhori/Kanon_Test/Game/9_small.jpg,https://raw.githubusercontent.com/Amirmashhori/Kanon_Test/Game/9_Big.jpg
,,,
image,i10,https://raw.githubusercontent.com/Amirmashhori/Kanon_Test/Game/10_small.jpg,https://raw.githubusercontent.com/Amirmashhori/Kanon_Test/Game/10_Big.jpg
